<?xml version="1.0" encoding="UTF-8"?>
<!--

    The contents of this file are subject to the license and copyright
    detailed in the LICENSE and NOTICE files at the root of the source
    tree and available online at

    http://www.dspace.org/license/

-->
<beans xmlns="http://www.springframework.org/schema/beans"
       xmlns:xsi="http://www.w3.org/2001/XMLSchema-instance"
       xsi:schemaLocation="http://www.springframework.org/schema/beans http://www.springframework.org/schema/beans/spring-beans.xsd" default-lazy-init="true">

	<bean class="org.dspace.core.NewsServiceImpl"
			id="org.dspace.core.service.NewsService">
		<property name="acceptableFilenames">
			<list>
				<value>news-top.html</value>
				<value>news-side.html</value>
			</list>
		</property>	
	</bean>

</beans>
